age,income,score,city,purchased
22.0,45.08,0.479,Delhi,yes
58.0,65.04,0.408,Mumbai,yes
52.0,58.07,0.707,Delhi,yes
40.0,70.06,0.636,Delhi,yes
40.0,47.68,0.508,Delhi,no
,39.56,0.818,Delhi,yes
22.0,46.64,0.534,Mumbai,yes
,53.64,0.605,Pune,yes
28.0,52.65,0.64,Delhi,yes
22.0,33.73,0.507,Mumbai,no
45.0,51.36,0.671,Pune,yes
68.0,53.42,0.52,,yes
56.0,87.76,0.538,Mumbai,yes
57.0,78.15,0.804,Delhi,yes
55.0,37.2,0.444,Mumbai,yes
58.0,45.69,0.238,Delhi,yes
44.0,28.05,0.842,,yes
24.0,41.14,0.982,Delhi,yes
61.0,54.73,0.539,Mumbai,yes
41.0,68.09,0.309,Delhi,yes
44.0,39.06,0.553,Mumbai,yes
37.0,40.19,0.557,Pune,no
27.0,17.79,0.572,Mumbai,yes
66.0,47.56,0.433,Mumbai,yes
58.0,34.06,0.687,Pune,yes
51.0,42.06,0.679,Pune,yes
38.0,36.85,0.376,Delhi,yes
60.0,48.59,0.705,Mumbai,yes
46.0,23.63,0.908,Mumbai,no
41.0,27.99,0.626,Mumbai,yes
41.0,81.94,0.549,Delhi,yes
29.0,30.69,0.579,Delhi,yes
22.0,33.55,0.692,Pune,yes
46.0,77.55,0.34,Pune,yes
64.0,93.58,0.625,Pune,yes
21.0,32.43,0.541,,no
62.0,44.48,0.877,Pune,yes
61.0,55.12,0.574,Pune,no
32.0,75.93,0.85,Pune,yes
50.0,35.2,0.434,Mumbai,no
26.0,46.32,0.688,Mumbai,yes
57.0,61.66,0.648,Delhi,yes
54.0,56.52,0.47,Mumbai,yes
36.0,44.36,0.627,Delhi,yes
21.0,47.99,0.782,Delhi,yes
68.0,29.38,0.551,Mumbai,yes
41.0,46.43,0.346,Mumbai,yes
64.0,46.0,0.597,Delhi,yes
,53.48,0.465,Pune,no
58.0,41.67,0.549,Pune,yes
57.0,57.07,0.588,Delhi,yes
,65.19,0.344,Delhi,no
36.0,52.33,0.358,Delhi,no
42.0,55.28,0.672,Pune,yes
43.0,50.8,0.522,Pune,yes
,50.0,0.215,Delhi,no
46.0,39.18,0.718,Pune,yes
26.0,54.75,0.641,Delhi,yes
56.0,48.54,0.493,Delhi,yes
53.0,81.4,0.402,,yes
65.0,73.6,0.725,Delhi,yes
56.0,55.79,0.652,Delhi,yes
37.0,38.55,0.957,Mumbai,yes
68.0,33.31,0.663,Mumbai,yes
39.0,67.87,0.658,Pune,yes
34.0,53.94,0.575,,no
65.0,57.2,0.723,Delhi,yes
37.0,23.83,0.694,Delhi,yes
,63.91,0.788,Pune,no
42.0,56.82,0.522,Delhi,yes
59.0,33.34,0.535,Pune,yes
27.0,42.93,0.528,Mumbai,yes
42.0,53.96,0.719,Delhi,yes
24.0,50.79,0.825,Pune,no
53.0,45.62,0.531,Delhi,yes
42.0,48.45,0.536,Mumbai,yes
35.0,46.22,0.647,Mumbai,yes
29.0,52.29,0.563,Mumbai,yes
47.0,72.07,0.743,Mumbai,yes
52.0,11.5,0.262,Mumbai,yes
66.0,46.45,0.476,,yes
40.0,52.65,0.483,,yes
26.0,54.44,0.252,Mumbai,yes
61.0,44.42,0.455,Delhi,yes
50.0,23.65,0.463,Pune,yes
54.0,54.92,0.57,,yes
23.0,75.91,0.767,Delhi,yes
34.0,26.99,0.563,Mumbai,no
57.0,62.96,0.445,Mumbai,yes
61.0,45.07,0.591,Delhi,yes
,49.08,0.757,Mumbai,yes
59.0,34.21,0.454,Delhi,yes
61.0,44.98,0.463,Pune,yes
38.0,69.5,0.684,Pune,yes
64.0,58.74,0.567,Pune,yes
32.0,75.98,0.697,Mumbai,yes
30.0,67.66,0.598,Delhi,yes
53.0,56.59,0.705,Pune,yes
51.0,76.16,0.445,Pune,yes
25.0,56.58,0.598,Mumbai,yes
61.0,62.42,0.568,Pune,yes
28.0,45.55,0.418,Delhi,yes
59.0,51.0,0.365,Pune,yes
18.0,39.54,0.703,Delhi,yes
59.0,64.84,0.547,Delhi,yes
58.0,32.33,0.447,Mumbai,yes
58.0,61.74,0.586,Delhi,yes
52.0,47.14,0.769,Delhi,yes
42.0,67.57,0.258,Delhi,yes
,61.26,0.376,Mumbai,no
32.0,77.31,0.462,Pune,yes
58.0,60.96,0.819,Delhi,no
46.0,26.42,0.642,Mumbai,yes
41.0,49.0,0.715,Pune,yes
44.0,32.42,0.429,Delhi,no
47.0,42.23,0.432,Delhi,yes
19.0,72.67,0.667,Pune,yes
25.0,59.56,0.609,Pune,yes
,39.52,0.682,Mumbai,yes
23.0,34.79,0.572,Pune,yes
40.0,50.49,0.642,Delhi,yes
52.0,31.75,0.624,Delhi,yes
,39.93,0.717,Pune,no
42.0,54.68,0.721,Delhi,yes
62.0,67.33,0.357,Pune,yes
47.0,59.13,0.263,Mumbai,yes
22.0,15.63,0.75,Pune,yes
57.0,54.57,0.778,Mumbai,yes
47.0,51.08,0.447,Delhi,yes
51.0,56.21,0.321,Delhi,no
47.0,74.24,0.615,Delhi,yes
46.0,19.05,0.74,Pune,no
22.0,41.13,0.87,Delhi,yes
47.0,58.86,0.677,Delhi,yes
59.0,26.28,0.544,Delhi,yes
33.0,72.14,0.466,Delhi,yes
49.0,55.53,0.602,Pune,yes
19.0,62.7,0.555,Delhi,yes
36.0,41.44,0.448,,yes
40.0,62.21,0.907,Delhi,yes
69.0,66.03,0.868,Mumbai,yes
29.0,53.49,0.77,Mumbai,yes
32.0,53.52,0.462,Delhi,yes
39.0,54.06,0.728,Pune,no
69.0,37.05,0.696,,yes
62.0,47.79,0.666,Pune,yes
19.0,47.71,0.787,Delhi,yes
30.0,55.75,0.695,Delhi,yes
60.0,65.0,0.711,Mumbai,yes
21.0,34.12,0.696,Delhi,no
62.0,48.12,0.651,Pune,yes
32.0,72.22,0.332,Mumbai,no
65.0,38.85,0.613,Mumbai,yes
33.0,37.67,0.517,Pune,yes
40.0,53.03,0.408,Pune,yes
52.0,62.67,0.852,Delhi,yes
24.0,50.17,0.859,Delhi,yes
46.0,69.93,0.804,Mumbai,yes
44.0,62.85,0.638,Mumbai,yes
58.0,62.63,0.803,Delhi,yes
69.0,58.31,0.602,Mumbai,yes
52.0,84.91,0.63,Pune,yes
39.0,46.92,0.436,Pune,yes
39.0,19.95,0.66,Mumbai,no
39.0,74.06,0.609,Delhi,yes
60.0,43.13,0.405,Delhi,yes
34.0,51.62,0.592,Mumbai,yes
,69.64,0.588,Delhi,yes
35.0,25.97,0.87,Mumbai,yes
19.0,31.23,0.734,Mumbai,no
23.0,25.98,0.602,Delhi,yes
22.0,38.09,0.637,Delhi,yes
58.0,56.59,0.607,Delhi,yes
55.0,57.86,0.57,Pune,yes
54.0,54.14,0.438,Mumbai,yes
42.0,28.81,0.577,Delhi,yes
55.0,15.35,0.488,Pune,yes
26.0,50.82,0.412,Mumbai,yes
64.0,42.92,0.677,Mumbai,yes
44.0,56.89,0.659,Pune,yes
66.0,60.53,0.332,Delhi,yes
25.0,52.07,0.582,Delhi,yes
43.0,61.4,0.749,Mumbai,yes
54.0,53.44,0.759,Delhi,yes
43.0,57.95,0.754,Mumbai,yes
41.0,39.43,0.606,Delhi,no
26.0,47.31,0.473,Delhi,yes
37.0,52.95,0.437,Delhi,yes
30.0,62.31,0.652,Mumbai,no
33.0,44.09,0.657,Delhi,yes
53.0,57.82,0.793,Delhi,yes
50.0,46.01,0.765,Pune,yes
,48.24,0.58,Delhi,yes
,62.44,0.413,Delhi,no
67.0,20.1,0.552,Delhi,yes
22.0,30.55,0.633,Delhi,yes
35.0,27.77,0.57,Delhi,yes
24.0,15.0,0.513,Mumbai,yes
35.0,39.83,0.638,Delhi,yes
68.0,61.24,0.524,Pune,yes
37.0,45.73,0.506,Pune,yes
65.0,52.97,0.647,Delhi,yes
,66.34,0.54,Delhi,yes
54.0,69.92,0.637,Delhi,yes
41.0,48.96,0.641,Mumbai,yes
31.0,70.3,0.429,Delhi,no
57.0,51.38,0.528,Pune,yes
68.0,37.44,0.816,Pune,yes
31.0,41.08,0.426,Pune,no
58.0,27.79,0.283,Mumbai,yes
31.0,36.68,0.321,,yes
55.0,44.63,0.604,Delhi,yes
59.0,62.05,0.605,Mumbai,yes
41.0,75.81,0.582,Delhi,yes
56.0,29.27,0.782,Pune,yes
32.0,55.89,0.199,Mumbai,no
22.0,34.39,0.659,Pune,no
23.0,57.12,0.834,Delhi,yes
41.0,48.03,0.431,,yes
64.0,22.54,0.543,Mumbai,yes
24.0,63.92,0.487,Mumbai,no
41.0,40.92,0.466,,yes
54.0,41.99,0.551,Delhi,yes
28.0,33.95,0.814,Delhi,yes
55.0,40.19,0.876,Mumbai,yes
33.0,56.42,0.55,Delhi,yes
60.0,47.16,0.886,Delhi,yes
48.0,54.93,0.605,Delhi,yes
46.0,55.43,0.863,Delhi,yes
27.0,69.81,0.586,Pune,yes
42.0,44.86,0.62,Mumbai,yes
62.0,27.85,0.655,Delhi,yes
19.0,66.01,1.077,Mumbai,yes
57.0,45.03,0.728,Mumbai,yes
43.0,66.72,0.494,Mumbai,yes
55.0,55.75,0.745,Pune,yes
52.0,48.03,0.546,Pune,yes
40.0,55.23,0.527,Delhi,yes
34.0,79.27,0.736,Delhi,yes
50.0,81.15,0.605,Mumbai,yes
25.0,51.04,0.642,Mumbai,yes
48.0,52.4,0.602,Mumbai,yes
22.0,66.14,0.65,Mumbai,no
51.0,37.32,0.664,Mumbai,yes
50.0,55.0,0.309,Delhi,yes
22.0,49.61,0.7,Delhi,yes
57.0,54.71,0.453,Delhi,yes
39.0,37.5,0.384,Delhi,yes
58.0,26.16,0.591,Delhi,yes
20.0,18.91,0.613,Pune,no
27.0,33.24,0.496,Delhi,no
43.0,43.12,0.725,Delhi,yes
27.0,45.6,0.399,Mumbai,no
35.0,79.06,0.539,Pune,yes
52.0,66.59,0.512,Delhi,yes
25.0,35.57,0.593,Pune,yes
53.0,55.22,0.642,Pune,no
23.0,43.89,0.449,Mumbai,yes
27.0,45.73,0.709,Mumbai,yes
48.0,52.78,0.609,Delhi,yes
59.0,59.29,0.316,Pune,yes
26.0,44.91,0.306,Delhi,no
33.0,65.96,0.598,Pune,yes
66.0,32.87,0.567,Mumbai,no
69.0,50.1,0.584,Delhi,yes
48.0,88.97,0.596,Delhi,yes
41.0,53.35,0.634,Mumbai,yes
36.0,71.5,0.742,Mumbai,yes
,51.37,0.433,Delhi,no
48.0,58.71,0.424,Pune,yes
33.0,49.15,0.436,Pune,no
19.0,47.44,0.643,Mumbai,yes
25.0,38.31,0.787,Mumbai,yes
67.0,56.45,0.535,Delhi,yes
39.0,37.23,0.225,Pune,yes
43.0,59.98,0.344,Delhi,yes
42.0,66.28,0.475,Pune,yes
58.0,55.5,0.516,Delhi,yes
21.0,45.71,0.539,Mumbai,no
22.0,56.81,0.606,Delhi,yes
32.0,45.37,0.553,Delhi,yes
43.0,64.03,0.757,Pune,yes
52.0,22.53,0.499,Mumbai,yes
43.0,44.97,0.471,Mumbai,yes
40.0,20.14,0.672,,yes
66.0,27.57,0.37,,yes
26.0,70.46,0.658,Pune,yes
47.0,63.43,0.615,Delhi,yes
46.0,39.21,0.578,Mumbai,yes
42.0,27.46,0.838,Pune,yes
59.0,5.53,0.507,Delhi,yes
31.0,41.85,0.909,Delhi,yes
67.0,86.31,0.566,Pune,yes
35.0,56.52,0.408,Mumbai,yes
46.0,41.61,0.61,Mumbai,no
45.0,56.98,0.439,,yes
,26.59,0.487,Mumbai,no
40.0,45.54,0.66,Mumbai,yes
32.0,51.49,0.683,Delhi,yes
19.0,48.71,0.507,Mumbai,yes
36.0,61.86,0.748,Delhi,yes
60.0,55.17,0.774,Pune,yes
18.0,60.02,0.815,Pune,yes
64.0,39.67,0.679,Delhi,yes
46.0,63.47,0.805,Delhi,yes
25.0,74.43,0.318,Pune,yes
33.0,35.45,0.552,Delhi,yes
46.0,36.68,0.47,Mumbai,yes
34.0,70.04,0.618,Mumbai,no
23.0,47.13,0.514,Mumbai,no
52.0,71.06,0.575,Delhi,yes
52.0,43.36,0.882,Mumbai,yes
24.0,71.83,0.575,Delhi,yes
32.0,51.97,0.662,Mumbai,yes
30.0,53.87,0.565,Delhi,yes
52.0,73.47,0.611,Mumbai,yes
55.0,44.57,0.601,Mumbai,yes
55.0,35.88,0.667,Delhi,no
66.0,43.27,0.775,Delhi,yes
57.0,56.79,0.847,Delhi,yes
34.0,26.51,0.646,Delhi,no
23.0,59.56,0.688,Delhi,yes
49.0,41.92,0.427,Pune,yes
65.0,67.22,0.587,Mumbai,yes
68.0,14.09,0.741,Pune,yes
29.0,38.2,0.73,,yes
30.0,24.7,0.632,Delhi,yes
19.0,37.61,0.733,Mumbai,no
25.0,53.71,0.674,Pune,yes
46.0,47.31,0.78,Mumbai,yes
46.0,46.2,0.643,Mumbai,yes
37.0,47.61,0.547,Mumbai,yes
34.0,53.05,0.65,Delhi,yes
61.0,34.87,0.16,Mumbai,yes
41.0,60.6,0.657,,yes
60.0,59.94,0.053,,yes
68.0,55.78,0.341,Delhi,yes
34.0,58.35,0.668,Pune,yes
28.0,54.45,0.672,Delhi,yes
67.0,80.53,0.426,Pune,yes
51.0,48.69,0.493,Delhi,yes
33.0,45.39,0.806,Pune,yes
50.0,38.7,0.527,Pune,yes
44.0,34.52,0.936,Delhi,yes
65.0,31.33,0.6,Delhi,yes
31.0,36.67,0.661,Pune,no
69.0,48.94,0.843,Delhi,yes
66.0,55.01,0.62,Mumbai,yes
27.0,50.77,0.45,Pune,yes
26.0,38.52,0.584,Mumbai,yes
45.0,63.5,0.595,Delhi,yes
20.0,61.09,0.395,Mumbai,yes
33.0,47.61,0.562,Delhi,yes
40.0,40.21,0.489,,yes
68.0,58.23,0.739,Delhi,yes
69.0,52.82,0.605,Delhi,yes
25.0,28.28,0.558,Delhi,no
64.0,48.98,0.584,,yes
22.0,53.93,0.633,Delhi,yes
56.0,36.5,0.693,Pune,yes
61.0,52.85,0.45,Pune,yes
64.0,28.18,0.444,Pune,yes
29.0,70.04,0.766,,yes
,68.72,0.538,Pune,no
24.0,46.21,0.387,Pune,yes
44.0,55.45,0.667,Delhi,yes
42.0,13.85,0.67,Pune,yes
34.0,32.65,0.37,Mumbai,no
19.0,45.59,0.634,Mumbai,yes
58.0,33.92,0.71,Pune,yes
35.0,60.72,0.656,,yes
52.0,79.96,0.695,Pune,yes
39.0,32.35,0.389,Mumbai,yes
,37.44,0.65,Mumbai,no
64.0,53.53,0.555,Delhi,yes
22.0,74.17,0.528,Delhi,yes
56.0,31.66,0.731,Delhi,yes
56.0,53.74,0.822,Delhi,yes
37.0,77.32,0.869,Delhi,yes
31.0,25.22,0.797,Pune,no
,30.78,0.584,Mumbai,no
66.0,43.65,0.653,Pune,yes
67.0,42.19,0.715,Mumbai,yes
30.0,62.19,0.618,Delhi,yes
,53.62,0.62,Delhi,yes
24.0,23.38,0.724,Delhi,yes
21.0,57.73,0.591,,yes
61.0,41.34,0.491,Delhi,yes
64.0,69.12,0.538,Mumbai,yes
25.0,40.59,0.695,Pune,yes
56.0,40.45,0.6,,yes
27.0,58.12,0.651,Delhi,yes
37.0,61.44,0.701,Delhi,yes
49.0,56.72,0.544,Delhi,yes
55.0,24.72,0.713,Delhi,no
63.0,58.07,0.657,Delhi,yes
20.0,34.49,0.415,Mumbai,no
28.0,53.53,0.816,Pune,yes
32.0,28.64,0.525,Mumbai,yes
34.0,56.69,0.352,Mumbai,yes
